video,group,frame,landmarks
single_video_inclass.mp4,1,5,"[     330.69      122.06      0.9864      331.27      102.63     0.23306       310.2      106.61     0.99037      301.17      98.087   0.0089894      222.29      107.74     0.94989      230.59      179.31     0.95794       151.5      224.65       0.951      320.08      258.87     0.87944      301.75      348.07
     0.92746       463.2      263.39     0.89074      508.68      315.58     0.94023      266.94       374.9     0.86195      210.42      430.44     0.84559      469.38      370.67     0.47266      438.35      448.23     0.52478      371.79      480.89     0.15427      303.13      495.01     0.16391]"
single_video_inclass.mp4,1,11,"[     303.27      123.25      0.9838      304.76      103.87      0.1843      284.38      107.91     0.98921      271.31      97.879   0.0075557      194.37      107.55     0.95494      199.91      179.99     0.95959      120.76      225.07     0.95709      289.67      257.58     0.87967      270.73      346.93
     0.93537      432.91         264     0.88448      477.13      313.71     0.94146      232.86      372.02     0.87618      180.33      427.21     0.86621      426.35      352.66     0.54353      417.84      430.02     0.60518      339.87      476.66     0.21816      269.98      492.03     0.23636]"
single_video_inclass.mp4,1,17,"[     294.59      132.64     0.98946      296.48      112.89     0.29458      273.46      117.48     0.99314      269.88      106.79   0.0085648      186.03      116.57     0.95469      192.19      188.22     0.96315      120.36       232.3     0.95669       278.4      266.32     0.88645      259.23      355.82
     0.93278      421.54      271.04     0.89021      467.43      323.49     0.93979      210.37      380.06     0.88292      156.83      429.74     0.86817      409.37       362.1     0.58619      374.63      424.87     0.63687      316.51      480.61     0.25197      261.89      493.02     0.26836]"
single_video_inclass.mp4,1,23,"[     309.38      150.43     0.98975      310.31      131.34     0.34936      288.41      135.45     0.99244       283.8       125.8   0.0084303      198.48       135.1     0.95905      207.01      205.33     0.95946      126.77      249.75     0.95882      296.94      282.78     0.87275      281.18      373.87
     0.93404      443.28      289.86     0.87204      492.09      335.49     0.93771      242.08       405.9     0.84846      190.46       459.5     0.83691       468.7      391.92     0.40065      468.78       458.9     0.46876      374.14      496.24      0.1221      304.77      502.97     0.13768]"
single_video_inclass.mp4,1,29,"[     332.81       163.1     0.99017      332.18       144.6     0.27713      312.57      149.21     0.99366      303.31      139.26   0.0079066      223.46      151.75     0.95122      234.12      219.55     0.95762      164.33      264.62     0.95477      332.21      293.35     0.87273      320.19      385.31
     0.92653      478.21      297.85     0.87883      529.39      346.99     0.93466      273.75       414.2     0.83383      232.85      473.07     0.82007      491.16      384.75     0.38714       519.1      468.48     0.44892      452.74      502.88     0.11289       418.8      503.97     0.12477]"
single_video_inclass.mp4,1,35,"[     342.81      169.96     0.99094      341.01      151.23     0.29032      322.55         157     0.99469       311.7      145.43   0.0074242      236.39      160.66     0.94962      244.48      226.58     0.96019      185.12      273.65      0.9582      347.39       299.5      0.8726      337.79      392.98
     0.92564       490.5      301.53     0.87168      539.99      353.04      0.9263      283.54       418.3      0.8275      240.92      467.78     0.81515       469.1      403.68     0.36116       434.2      459.11      0.4171      450.53       501.2     0.10513       396.7      502.87     0.11712]"
single_video_inclass.mp4,1,41,"[     340.99      180.06     0.99044      339.55      162.19     0.27044      321.43       167.7     0.99477      311.41      156.64   0.0068254      237.04      171.81     0.94715      243.02      235.17     0.95978      188.03      283.81     0.95828      348.06      306.24     0.87367      342.01      400.47
     0.92572      487.91      310.32     0.87388      541.42      359.07     0.92698      285.76      426.97     0.82806      246.75      476.45     0.81588      473.21      410.25      0.3719      439.66      463.11     0.42752      446.33      500.31     0.11351      406.48      500.06     0.12636]"
single_video_inclass.mp4,1,47,"[      336.5      179.49     0.99199      335.26      161.68     0.33087      316.34      166.98     0.99557      309.88      156.64   0.0071531       233.9      170.93     0.94768      240.41      235.01     0.96246      185.15      281.27     0.95918      345.35      306.26     0.87866         340      398.29
     0.92517      485.59      310.12      0.8759      538.99      356.07     0.92495      280.11      425.73     0.84438      242.42      473.93     0.83092       450.9      409.09     0.41788      428.59       461.6     0.46965      428.22      498.45     0.13333      396.79      504.77     0.14557]"
single_video_inclass.mp4,1,53,"[     340.11      174.73     0.99004      338.41      157.04     0.23408      321.84      162.77     0.99476      306.84      150.76    0.006893      240.21      164.94      0.9507      243.16      228.49     0.96274      185.99      274.61     0.95973      344.27      303.12     0.87989      341.36       393.2
     0.92741      486.03      302.75     0.87631      537.45      349.52     0.92726      284.78      416.96      0.8516      240.43      468.52     0.83895      477.07      383.57     0.46841      429.89      452.58     0.52556      424.14      480.87     0.17362      402.17      494.54     0.18887]"
single_video_inclass.mp4,1,59,"[     339.84      170.96      0.9892      337.86      153.19     0.20378      321.83      158.68      0.9943      304.05      147.29   0.0069338      239.71         161     0.95106      244.35      225.56     0.96068      179.64      268.57     0.95834      343.87      299.81     0.87557      338.14       388.2
      0.9276      486.11       298.6     0.87359      536.98      344.04      0.9293      289.29       419.2     0.84089      244.81      471.69     0.82859      488.51       383.7     0.42404      465.13      454.95     0.48395      425.49      489.48     0.14625      399.86      493.66      0.1608]"
single_video_inclass.mp4,2,71,"[     334.88       173.3      0.9905      333.89      156.52     0.26116      316.57      160.86     0.99479      304.96      152.23   0.0072464      236.07      162.78     0.94996      242.53      228.32     0.95935      175.29      268.85     0.95739      342.22      300.61     0.87176      334.63      387.22
      0.9254      484.18      298.61     0.86978      533.22      344.84     0.92789      291.26      420.71     0.82943      251.88      474.68     0.81687      492.98       385.7     0.38218       503.4      462.56     0.44155      436.19       492.1     0.12414      414.16      490.32      0.1369]"
single_video_inclass.mp4,2,77,"[     331.56      176.29     0.99131      330.25      158.69     0.28726      312.67       163.7     0.99525      302.23      153.12    0.007234       231.2      165.56     0.94816      240.04      230.53     0.95974      171.55      273.24       0.956      340.03      303.28     0.87105      333.84      390.84
     0.92217      481.87      301.35     0.86981      527.76      348.14     0.92547      285.97      424.64     0.82065      238.55      475.26     0.80538      484.95       385.5     0.37772      443.28      453.37     0.43323      426.02      492.91     0.12552      387.83      498.26      0.1379]"
single_video_inclass.mp4,2,83,"[     325.07      174.82     0.99006         324      157.76     0.27021       306.7      162.58     0.99429      296.35       152.7    0.007596      225.51      164.18     0.95033      234.25      229.72     0.96064      165.93      272.05      0.9573       334.5      302.27     0.87275      326.84      389.38
     0.92267      477.05      301.02     0.86881      522.73      347.09     0.92561      286.19      423.93     0.82999      246.71      477.59     0.81518      495.01      390.15     0.38069      508.83      459.79     0.43898      445.56      503.99     0.11775      417.96      503.18     0.13057]"
single_video_inclass.mp4,2,89,"[     325.36      175.07     0.98996      324.31      158.03      0.2674      307.09      162.58     0.99423      296.36       152.9    0.007474      226.07      164.02     0.95069      235.34      230.25     0.96068      165.25      271.77     0.95695      334.51      302.26     0.87253      325.37      388.69
     0.92218      475.93      301.61     0.86873      519.76      347.54     0.92545      284.63      424.88     0.82707      242.95      477.87     0.81153      494.75      389.64     0.37362      503.73      458.58     0.43128      440.98      502.18     0.11634      407.72      502.26     0.12898]"
single_video_inclass.mp4,2,95,"[     330.72      177.08     0.99193      329.86      159.85     0.32221      311.73      164.43     0.99545      304.01      155.08   0.0077189      231.46      166.76     0.94594      240.49      230.61     0.96035      172.44      273.58     0.95638      338.83      303.85     0.87478      334.72      390.55
     0.92361      478.04      302.76      0.8745      532.03      345.05     0.92711      285.17      421.77     0.83047      238.64      473.52     0.81572      476.05      382.17     0.40774      436.98      453.65     0.46172      426.92      489.27     0.14064      389.93      495.17     0.15289]"
single_video_inclass.mp4,2,101,"[     336.39      176.69     0.99159       335.7      159.78      0.3056      318.16      164.11     0.99543      308.88      155.19   0.0075426      238.09      166.71     0.95113      244.78       231.2     0.96341      179.97      273.33     0.95882      343.96      303.25     0.87939       338.3      389.94
     0.92465      484.47      303.27     0.87364      535.39       347.8       0.924      281.17      422.31     0.84418      234.75       471.1     0.82877      467.55      390.61      0.4283      429.83      455.53     0.48102      421.52      488.52     0.14788      380.98      498.91     0.16027]"
single_video_inclass.mp4,2,107,"[     339.75      176.11      0.9901      338.78      159.44      0.2542      322.51      163.71      0.9947      309.69      154.82   0.0072588      242.95      165.89     0.95191      250.39      231.05     0.96339      180.24      272.51     0.95931       347.3       303.9     0.87888      337.56      389.56
     0.92449      486.88      303.06      0.8716      529.34      350.08     0.92308      287.77      423.01      0.8436      237.73      471.12     0.82886      476.57      389.59     0.42687      430.08      455.31     0.48126      419.52      484.02     0.15055      388.64      497.77     0.16359]"
single_video_inclass.mp4,2,113,"[     342.54      178.86     0.98926      341.25       162.1     0.22493      325.31      166.28     0.99445      310.96       157.4    0.006771       245.3      168.72     0.95039      253.36      233.71     0.96102      180.32      274.77     0.95818      349.82      306.42     0.87391      338.91       393.1
     0.92384      488.62      305.59     0.86946      530.58       353.4     0.92413      289.84      426.18     0.82599      240.42      475.61     0.81158      484.16      393.58     0.37602      450.85      461.74     0.43111      431.97       489.5     0.12514      407.03      490.87     0.13727]"
single_video_inclass.mp4,2,119,"[     342.56      180.12     0.98982      341.26      163.77     0.23577      325.19      167.51     0.99486      311.98      159.76   0.0065791      244.56      170.15     0.94752      252.75      235.24     0.95907       181.3      276.55     0.95694      350.36      307.37     0.87049      338.43      394.89
     0.92306      488.78      309.06     0.86904      535.45      355.31     0.92466      290.44      428.45      0.8107       242.7      477.39     0.79651      482.88      396.22     0.34321      452.75      460.48     0.39746      433.24      487.89     0.11261      415.59       487.4     0.12421]"
single_video_inclass.mp4,2,125,"[     338.87      178.29     0.99046      337.64      162.09      0.2729      320.62      165.95     0.99499      310.88      159.23   0.0069896       240.3      171.21     0.94811      250.87       236.2     0.96133      179.04      276.72      0.9578      348.91      307.94     0.87663      336.28       395.8
     0.92443      485.01      310.15     0.87447      530.15       356.8     0.92609      287.83      429.76     0.83324      236.98      477.03     0.81853      477.52      397.16     0.40344      430.65      458.46     0.45733      422.46      488.79     0.13984      392.12      495.58     0.15269]"
single_video_inclass.mp4,3,137,"[     333.91      180.67     0.98976      333.07      164.43     0.26653      315.25      168.62     0.99445      307.78       160.8   0.0067656      234.44      172.74     0.94108      246.59       238.7     0.95783      176.77       279.4     0.95398      346.33      309.84      0.8708      334.29      396.74
     0.92107      482.74      313.07     0.87463      529.99      358.06     0.92655      282.06      436.16     0.79671      235.15      481.82     0.77983      465.98      408.85     0.30646      434.38      461.41      0.3544      427.34      495.65    0.094403      387.71      495.08     0.10404]"
single_video_inclass.mp4,3,143,"[     335.77      182.61     0.98776      334.94      166.09     0.20776      318.23      170.92     0.99361      306.65      160.52   0.0065105      236.76      173.87     0.94113      244.38      238.29     0.95713       181.1      280.38     0.95389      344.15       309.7     0.87054      335.88      397.61
      0.9219      479.38      314.52     0.87531      534.15      358.14     0.92745      279.31      437.16     0.79153      237.67      483.18     0.77485      465.89      413.66     0.28811       447.3      465.88     0.33552      432.74      495.94    0.086302      392.72      493.89    0.095477]"
single_video_inclass.mp4,3,149,"[     338.35      183.66     0.98775      337.47      167.13     0.21628      320.64      172.08     0.99349      309.69      161.66    0.006633      240.38      174.58     0.94257      248.18      238.58     0.95776      184.52       280.9     0.95523      347.02      310.43     0.87242      338.43      398.33
     0.92442      483.87      314.43     0.87613      536.54      358.01     0.92908      283.55       435.3      0.8052       239.6       483.1     0.79017      479.12      406.49     0.32547      449.14      465.45     0.37794      429.09      493.81     0.10331      398.72      493.09     0.11426]"
single_video_inclass.mp4,3,155,"[     338.37      184.24     0.98805      337.76      167.99     0.22554      320.65      172.65     0.99368      310.88      163.03   0.0066527       240.4      175.54     0.94146      247.65      240.55     0.95937      185.96      282.48     0.95581      347.39      310.29     0.87579       339.9       398.7
     0.92419      482.85      315.98     0.87873      539.42      359.04     0.92761      279.01      436.84     0.81402      236.22      480.71     0.79818       449.9      417.95     0.33589      421.21      465.05      0.3834      416.28       496.8     0.10383      382.36      499.73     0.11356]"
single_video_inclass.mp4,3,161,"[     339.22      184.53     0.98848      338.83      168.38     0.24712      321.18      172.81     0.99377      313.29      163.81   0.0068181      241.77      175.38     0.94262      246.97      240.67     0.95863      190.18      281.98     0.95561      347.29       309.9     0.87266      339.46      398.61
     0.92351      484.17      315.94     0.87495      537.97      360.44     0.92656       277.8      438.08     0.80176      237.97      482.01     0.78554      459.88      420.31     0.30056      436.88      467.71     0.34825      425.05       495.7    0.090167      382.21      496.13    0.099644]"
single_video_inclass.mp4,3,167,"[     338.48      185.01     0.98806      338.11      169.05     0.24057      320.72      173.35     0.99353      312.71      164.67   0.0067739      241.96      175.83     0.94193       248.6      240.63     0.95812      188.32      281.97     0.95543      347.85      310.48     0.87253      337.88      398.83
       0.924      484.13      316.22     0.87564      535.74      360.74     0.92792      280.95       436.5     0.80236      238.85      481.65     0.78678      469.54      413.65     0.31093      440.58      466.61     0.36086      425.73      496.48    0.095566      387.59      496.42     0.10567]"
single_video_inclass.mp4,3,173,"[        330      185.44     0.98889      329.57      169.24     0.26464      311.88      173.66     0.99389      305.71      164.72   0.0069675      232.71      175.73     0.94178      242.12      240.58     0.95892      180.43       282.3     0.95462      339.93      311.19     0.87401      329.51      398.72
     0.92195      476.65      316.89     0.87676       524.9      361.32     0.92747      278.54      436.86     0.80741      235.62      482.02     0.78968      470.92      418.63       0.314       443.4      470.93     0.36162      420.32      498.73    0.094021      377.52      498.62     0.10349]"
single_video_inclass.mp4,3,179,"[     306.78      183.38     0.98658      306.38      167.53     0.19757      290.33      171.19     0.99271      280.03      163.96   0.0067113      208.25       173.5      0.9371      223.98       238.4      0.9606      157.45      282.86     0.95094      321.81      310.96      0.8802      310.99      398.11
     0.91667      459.64      314.74     0.88522       508.9      356.08     0.92791      266.55      433.58     0.81482      220.22      480.58     0.79035      454.88      418.22     0.33274      430.06      471.41     0.37179      414.79      501.43    0.097765       367.3      500.39     0.10496]"
single_video_inclass.mp4,3,185,"[     287.66      179.81     0.99233      287.44      162.68     0.36212      269.29      166.77       0.995      267.27      160.33   0.0081627      187.09      170.79     0.93132       211.8      237.18     0.96142      139.93      280.78     0.94629      309.98      308.95     0.88075      300.45      394.67
     0.90889      448.29      312.87     0.88607      500.47      351.75     0.92394      259.51      433.54     0.81148      209.02      479.78     0.78016      434.81      417.12      0.3291      403.39      465.75     0.35793       405.9      496.89    0.097135      353.88      496.61     0.10183]"
single_video_inclass.mp4,3,191,"[     279.42      177.81     0.99395      278.64      160.48     0.41504      260.67      165.12     0.99596      259.75      158.68   0.0081563      178.34      170.45     0.92742      209.94      236.65     0.96188      136.53      280.44     0.94478      305.92      308.84     0.88222      296.97      394.58
     0.90689       444.8      313.06     0.88727      498.58      351.83     0.92325       260.6      430.59     0.81238      209.09      477.68     0.77929      434.75      414.99     0.33147      406.89      465.69     0.35813      411.55      495.72    0.097987      361.86      494.42      0.1022]"
single_video_inclass.mp4,4,203,"[     276.99      178.62     0.99393      274.94      161.04     0.42056      256.69      166.71      0.9959      256.43      159.88   0.0075729      174.13      173.63     0.92996      212.39       240.3     0.96251      145.17      283.69     0.94608      307.22      310.04     0.88152      301.63      396.76
     0.90699      444.71      315.89     0.88316      501.71      357.31     0.92117       270.3      432.11     0.81197       220.6      478.67     0.77952      464.59      429.54     0.30282      435.81      477.75     0.33256      430.47      495.82    0.083996       366.1      493.45    0.089521]"
single_video_inclass.mp4,4,209,"[     280.39      177.53     0.99339      277.97      159.84     0.37197       260.5      165.63     0.99552      257.21      157.91   0.0072322      177.22      172.75     0.92631      214.96      237.16      0.9604      144.78      283.45      0.9436      312.33       309.8     0.87745      303.24      395.08
     0.90547      450.54      315.26      0.8833      503.46      354.65     0.92221      271.28      423.79     0.79789      220.77      473.78     0.76512      449.37      400.23     0.31737      412.82      464.46     0.34638      408.85       484.3    0.098724      355.84      486.17     0.10304]"
single_video_inclass.mp4,4,215,"[      278.9      174.89     0.99282      276.44         158     0.33953      260.05      163.56     0.99532       254.8      156.53    0.007228      176.16       168.7     0.92973      213.83      235.14     0.96101      139.42      279.07     0.94562       310.7      306.56     0.88008      299.54      391.59
      0.9091      452.38      313.48     0.88352      501.99         352      0.9246      275.93      420.25     0.81569      229.38      472.35     0.78662      466.48      398.08     0.34863      464.92      464.04     0.38455      425.16      495.85     0.10578      389.77      491.99     0.11236]"
single_video_inclass.mp4,4,221,"[        277      169.05     0.99286       274.3       152.2     0.34423      258.48      157.41      0.9949      251.64      151.13   0.0079436      174.21       163.1     0.93295      209.54      228.42     0.96117      137.01      270.89     0.94679      305.97      300.03     0.88248      296.36      383.76
     0.91431      446.59      307.18     0.88505      507.25      343.46     0.92872      277.59      414.86      0.8326      233.39      469.65      0.8069      483.11      391.35     0.37906      501.78      458.94     0.42191      442.69      497.06     0.11282      392.64      495.41     0.12169]"
single_video_inclass.mp4,4,227,"[     266.45      169.01     0.99469      264.49      151.33     0.46174      246.61      157.26     0.99585      245.75      150.11    0.009071      164.55      162.77     0.93064      200.99       226.8     0.96379      131.86      267.85     0.94633       297.1      299.68     0.88905      288.28      380.65
     0.91284      437.48      304.46     0.88972      494.68       342.9     0.92756      267.99      411.49     0.85365      225.22       466.4     0.82644      461.66      386.03     0.44507      484.23      457.52     0.48073      428.53      497.52      0.1398      378.02      499.82     0.14687]"
single_video_inclass.mp4,4,233,"[     256.88      169.07     0.99481      254.58      151.84     0.45955      237.52      157.66     0.99599       236.1      151.74    0.009053      156.13      163.71     0.93002      191.79      227.01     0.96427       121.5      267.58     0.94536      289.45      298.08      0.8894      277.99      381.52
     0.90847      428.66      303.43     0.88829      484.95      344.81     0.92395      263.77      409.61     0.85732         225      466.84     0.82848      449.86      381.31     0.46019      493.18      461.11      0.4905      431.44      493.86     0.14691      392.54      496.67     0.15166]"
single_video_inclass.mp4,4,239,"[     249.96       169.8     0.99457       247.1      152.39     0.44421      230.56       158.4     0.99573      228.15      152.58    0.008958      149.64      164.99     0.92758       186.7      228.08     0.96476      119.34      270.08     0.94378      286.81      299.08     0.88958      276.76      381.52
     0.90548      426.81      303.56     0.88862      483.37      343.33       0.922      258.93      411.43     0.85543      220.31      467.12     0.82409       439.1      379.54     0.46765      474.54      454.16     0.49365      416.85      490.79     0.15586      379.72      491.69      0.1598]"
single_video_inclass.mp4,4,245,"[     247.58      170.74      0.9951      245.65      153.27     0.51959      226.84      158.93     0.99599      229.77      154.33   0.0097186      148.29      165.01     0.92835      188.21      229.95     0.96549      117.73      268.57     0.94367      286.84      300.04     0.88874      274.14      382.37
     0.90323      426.25      303.19     0.88583      482.14      344.39     0.91922      255.81      416.12     0.84905      214.08       469.8      0.8149      440.93      381.49     0.44339      475.78      453.94     0.46806      414.79       491.4      0.1446      379.82      490.97     0.14808]"
single_video_inclass.mp4,4,251,"[     248.31      170.87     0.99287      245.84      154.22     0.37111      227.92      160.33     0.99505      222.34       152.7   0.0082914       147.2      165.31     0.93796      184.61       232.1     0.96517      111.99      269.88     0.95667       281.5      299.76     0.88811      273.08      384.72
     0.92202      423.12      303.34     0.87565      478.51      345.27     0.92412      255.21      418.35     0.85044      215.07      473.75     0.83141      444.84      384.74     0.41288      473.01      460.49     0.46112       419.1      491.46     0.13635      395.54      488.37     0.14744]"
single_video_inclass.mp4,4,257,"[     250.58      172.93     0.99102      248.63      156.53     0.30711      231.54      162.25     0.99403      223.43      153.98   0.0080748      149.84      165.41     0.93852      184.47      232.52     0.96441      107.34       269.8      0.9561      282.16      300.87     0.88579       269.6      385.68
     0.92042      423.83      303.51     0.87411      472.33      345.68     0.92309      253.47      421.74      0.8451      210.36         476     0.82569      441.62      386.53     0.40248      466.69      460.22     0.44991      412.89      493.99     0.13294      393.72      487.82     0.14363]"
single_video_inclass.mp4,5,269,"[     250.75      173.41     0.99096      248.84      156.85     0.29379      231.98      162.68     0.99408      222.61      153.76   0.0079966      150.29      165.58     0.93805      182.78      231.64     0.96464      110.22      271.38     0.95566      281.68      300.42     0.88578      269.72       385.8
      0.9189      423.31      302.78     0.87467         468      346.18     0.92187      250.97      418.25     0.84643      209.13      472.54     0.82628      431.17      380.86     0.42516      447.66      454.43     0.46987      396.57      488.02     0.14981      382.49      482.52     0.16012]"
single_video_inclass.mp4,5,275,"[     250.67      173.75     0.99238      248.58      156.62     0.33309      230.97      163.05     0.99501       222.7      152.99   0.0081011      149.25         166     0.93961      182.45      231.85     0.96411      108.35      272.09     0.95581      282.19      300.54     0.88228      272.19      387.51
     0.91776      422.87      303.72     0.87018      471.19      346.52     0.91996      251.52      417.79     0.84129      210.09      472.93     0.82146       437.2      378.65     0.41112      459.15      454.73     0.45792      402.74      489.18     0.14205      387.33       484.2     0.15264]"
single_video_inclass.mp4,5,281,"[      249.2       172.7     0.99317       247.4       155.6     0.35733      229.38       161.4     0.99551      222.29      152.72   0.0082343      147.94      164.21      0.9426      180.59         231      0.9653      105.46      271.63      0.9576      280.67      299.49     0.88459      269.54      386.19
     0.91925      420.95      302.22     0.87029      468.36       346.4     0.92015      253.87         415     0.85704      214.11       471.6     0.83913      442.16      384.46      0.4422      474.06      460.97     0.49031      409.51      495.39     0.14885       392.5      491.25     0.16027]"
single_video_inclass.mp4,5,287,"[     248.34      171.29     0.99316      247.21      154.25     0.39986      228.23      159.69     0.99518      224.55      151.72   0.0089529      147.76      162.89     0.94295       180.4      229.81     0.96551      105.17      269.85     0.95748      279.88      298.32     0.88437      268.54      384.59
     0.91891      420.96      301.31       0.869      466.73      345.88     0.91929      252.29      415.98     0.85557      211.23      471.67     0.83708      441.89      384.21     0.43322       468.8      458.66     0.48124      408.44      495.88     0.14367      385.35      492.72     0.15504]"
single_video_inclass.mp4,5,293,"[     246.66       170.9     0.99327       245.2      153.37     0.37893      226.53      159.34     0.99532         221      150.13   0.0088663      145.65      162.09     0.94263      176.98      229.16     0.96433      102.25      269.48     0.95705      278.21      297.35     0.88328      268.29      384.37
     0.92028      419.33      300.13     0.87033      468.15      344.73     0.92198      251.66      417.98     0.85078      212.32      475.14     0.83311      446.74      387.18     0.40741      482.04      463.75     0.45801       414.3      498.54     0.12698       391.7      497.18     0.13802]"
single_video_inclass.mp4,5,299,"[     246.68      170.46     0.99325      245.26      152.95     0.36524      227.03      158.83     0.99531      220.22      149.54   0.0088872      146.45      161.52     0.94062      175.74      227.76     0.96429      105.36      269.38      0.9566      278.49      296.64     0.88401      270.09      383.51
     0.92031      420.45       299.6     0.87206      468.03      343.72      0.9225       250.4      414.32     0.85262      212.43      472.31     0.83489      437.89      382.03     0.42358      466.12       462.5     0.47234      407.91      493.45     0.13823      386.21      492.17     0.14887]"
single_video_inclass.mp4,5,305,"[      242.3      168.93     0.99273      241.16      151.74     0.35169      222.72      157.14     0.99497      216.08      148.85   0.0089241      140.65      159.99     0.94153       171.2      226.74     0.96424      101.57      268.99     0.95631      275.71      295.51     0.88511      265.54      381.96
      0.9216      418.35      298.04      0.8747      460.49      343.04     0.92519      246.28      414.78     0.85499      209.02       472.4     0.83743      444.13      386.69     0.42118       479.4      461.15     0.47264      408.07      497.89     0.13165      380.65       497.8     0.14332]"
single_video_inclass.mp4,5,311,"[     242.14      169.32     0.99303      240.92      152.13     0.35261      222.77      157.55     0.99525      215.64      149.25   0.0088421      140.52      161.19      0.9397      170.56      226.73      0.9633      102.22      269.13     0.95498      274.92      295.13     0.88377      267.09      381.92
     0.92099      417.72      298.22     0.87517      463.68      342.41     0.92568      244.71      413.32     0.84914      207.46      471.33     0.83097       439.8       384.6     0.40886       473.2      460.93     0.45974      407.67       493.9     0.12825      377.51      494.97     0.13935]"
single_video_inclass.mp4,5,317,"[     244.41      168.38     0.99222       242.8      151.51     0.31823      225.39      157.09      0.9948      216.24      148.72     0.00854       142.9      161.12     0.93815      175.22       226.3     0.96434      106.24      269.43     0.95417       279.2      295.25     0.88557      269.68      380.57
     0.92038      419.53      297.72      0.8778      463.59      341.43     0.92561      246.91      409.69     0.85487      201.25      464.29     0.83547      426.55      374.53      0.4602      410.94      445.71     0.50611      378.43      489.86     0.16543      312.81      495.85     0.17735]"
single_video_inclass.mp4,5,323,"[     248.49      165.99     0.99204      246.98      148.79     0.32473      229.16      154.39      0.9946      219.95      145.46   0.0087184      145.75      157.98     0.94094      176.24      223.98      0.9664      111.08      266.36     0.95634      279.73      293.58     0.89074      271.14      377.83
     0.92267      420.43      296.53      0.8809      460.11      341.17     0.92626      248.51      404.85     0.87551      204.18      459.36     0.85811      424.86      367.44     0.54703      400.38      440.37     0.59068      370.21      483.95     0.22975      300.17      494.68     0.24387]"
single_video_inclass.mp4,6,335,"[     268.08      161.25     0.99489       267.2      143.48     0.45179      249.57      148.52     0.99605      247.13      141.04    0.010011      168.33      151.09     0.94128      191.69      215.16     0.96806      129.74       259.5     0.94968      294.58      289.62     0.89485      288.81      371.29
     0.91337      438.19       294.2     0.89112      489.13      332.09     0.92539      260.53      394.22      0.8928      221.03      450.19     0.86777      429.99      357.82      0.6531      439.54      443.05     0.67345      355.15      487.42      0.3084       287.9      500.71     0.30881]"
single_video_inclass.mp4,6,341,"[     274.25      162.85     0.99348      274.22      145.14     0.39691      255.53      149.46     0.99589       248.1      140.52   0.0093687      175.01       150.5     0.95167      186.04       215.1     0.96748      127.26      260.66     0.96001      295.23      286.15     0.89187      291.34      371.27
     0.92953      439.01      293.33     0.88016      485.69      333.57     0.92931      241.52         397     0.89326      204.48      451.43     0.87872      425.07      361.93     0.62975      420.38       441.4     0.67459      354.15      493.11     0.30282      288.37      503.65     0.32072]"
single_video_inclass.mp4,6,347,"[     263.71      176.05     0.99344      264.41      157.99     0.48213      243.67      163.27     0.99546      241.18      152.22    0.011945      164.38      162.88     0.95217      179.36      222.29     0.96501       102.7      268.66     0.95516      297.23      287.95     0.88184      287.39      374.74
      0.9188      440.06      293.34     0.86987      483.13       336.8     0.91957      227.83      406.43     0.87091      180.88      460.23     0.85075      420.94       364.8     0.55173      406.94      441.81     0.59695      351.76      494.13     0.23393      283.33       501.8     0.24797]"
single_video_inclass.mp4,6,353,"[     242.17      194.65     0.99152      243.05      176.71     0.46463      223.23      182.44     0.99392      221.31      169.48    0.012233      141.94      180.44     0.94779      166.53      236.76     0.96282      83.544      278.21     0.94265      298.75      286.23     0.87342      292.14      376.55
     0.89516      447.26      291.93     0.85861       485.4      337.83     0.89963      205.64      419.55     0.83117      152.55      467.26     0.79324      410.67      379.66     0.42272      387.59       445.5     0.45645      360.53       495.4     0.15126      299.82      498.14      0.1584]"
single_video_inclass.mp4,6,359,"[     211.61      207.34      0.9889      210.82      190.73     0.45901      193.17      196.56     0.99091      192.29      187.27    0.011735      107.97      199.07     0.92668      166.17      246.48     0.95894      74.945      296.69     0.92836      306.36      284.63     0.86561       291.1      375.87
     0.86782      463.28      293.52     0.84646      493.78      338.77     0.87418      230.62       422.1     0.78869      177.35      469.63     0.73782      405.02      377.75      0.3313      388.97      431.33     0.35204      386.19      489.43     0.11393       353.9      493.55     0.11819]"
single_video_inclass.mp4,6,365,"[     196.76      215.85      0.9828      194.99      198.84     0.42845      177.25      205.52     0.98539      176.84      195.39    0.011478      90.239      208.97     0.91343      170.13      251.82      0.9543      67.627      306.27     0.90694      317.03      285.18     0.85445      283.74      372.48
     0.81453      478.21      293.76     0.82723      489.98      337.31     0.82725         254      423.21     0.74147      195.22       472.1     0.66643      455.95      383.72     0.25005      428.89       431.8     0.25677      419.94      487.31    0.081284       398.2      480.78    0.083159]"
single_video_inclass.mp4,6,371,"[     180.32      220.14     0.98735      178.41      202.18      0.5743      159.54      209.78     0.98731      163.72      198.74    0.015777      75.339      213.87     0.89238      168.79      254.14     0.95118      68.763      308.18     0.90852      319.63      285.71      0.8566      269.31      362.43
     0.82245      482.85      296.78     0.81595      486.66      336.03     0.82229      305.41       407.8     0.78839      261.99      463.69      0.7345      511.48       392.7     0.28637      516.95      442.54     0.30472      467.66      471.67    0.098817      468.12      468.04      0.1049]"
single_video_inclass.mp4,6,377,"[     179.72      219.67     0.98851       176.9      201.81     0.58907      157.85      209.33     0.98749       162.7      199.85     0.01654      73.452      214.56     0.88599      167.54      256.42     0.94899      71.021      308.57     0.90593      321.82      288.53      0.8537      291.46      363.84
     0.81118       485.9      299.63     0.81337      490.34      330.87     0.81275      327.87      407.94     0.76386      288.63      464.61     0.70792      534.53      401.65     0.24838      532.48      452.22     0.26542      463.54      473.12     0.08301      460.39      472.98    0.088668]"
single_video_inclass.mp4,6,383,"[     217.73      207.93     0.98594      212.88      191.83     0.33609      198.42      199.05     0.99028      189.89      190.89   0.0091839      112.75      208.63     0.91878       188.5      255.25     0.95274      76.707       306.8     0.91592      333.86      291.52     0.84482      292.36      374.01
     0.80916      488.58      297.09     0.81625      501.78      342.32     0.81525      276.09      431.32     0.68936       220.2       476.9     0.61901      462.37      398.29     0.17923      448.58      436.97     0.18738      437.52      477.23    0.060175      434.35       463.8    0.062514]"
single_video_inclass.mp4,6,389,"[     235.01      214.22     0.98593      231.74       196.9     0.33576      215.69      204.07     0.98977      207.02      191.37    0.011144      129.01      210.25     0.92271      190.62      257.63     0.95059      89.365         306     0.92293      336.31       289.4     0.85072      298.12      369.15
     0.85063      489.51      295.04     0.82204       501.7      338.25     0.84897      274.93       427.2     0.76008      225.05      471.28     0.71442       492.2      393.69     0.26727      492.44      425.39     0.30076      434.42      494.98    0.094104      435.46      486.45     0.10387]"
single_video_inclass.mp4,7,401,"[     205.43      212.26     0.98413      201.96      195.51     0.38434       185.8      202.86     0.98701      181.61      191.91    0.011744      99.772      211.42     0.90903      177.64      250.59     0.95859       85.19      303.42     0.92388      329.33      279.64     0.87502      277.75      359.68
     0.83962      484.12      288.45     0.83558      447.45      332.79     0.83487      294.04      392.43     0.86158      258.16      443.53     0.82404      485.65      364.35     0.52796      494.07      403.88     0.55136      459.44      488.08     0.22025      470.74       489.9     0.23176]"
single_video_inclass.mp4,7,407,"[      219.7      211.77     0.99013      216.33      194.26     0.51009      199.25      202.91     0.99243      197.44      190.72    0.012792      117.81      207.55     0.91887      182.75      247.97      0.9611      93.526      298.61      0.9324      335.77      277.02     0.87825      304.82      363.18
     0.87641      498.01      286.53     0.84824      501.35      328.46     0.87326         303      388.17     0.89165      271.77      439.17     0.86616         491      368.93     0.63805      503.69      402.06     0.66711      495.24      496.61     0.29423      501.15      491.22     0.31358]"
single_video_inclass.mp4,7,413,"[      223.7      214.44      0.9904      221.08      197.85     0.51237       203.9      205.62      0.9926      203.52      195.59    0.013517      125.48      209.73     0.91164      189.52      249.18     0.95794      99.611      304.15     0.93507      340.08      274.28     0.87473      306.21      358.15
     0.89184      494.16      279.22     0.85323      514.98      320.82     0.89219      307.28      387.18     0.88182      277.91      436.89     0.86073      498.02      365.23     0.61224      509.18      394.31     0.65228      505.93      488.49      0.2838      513.47      478.08     0.30913]"
single_video_inclass.mp4,7,419,"[     227.84      217.54     0.98891      224.89      201.14     0.47159      209.35       209.2     0.99218      206.14       197.9    0.012908      132.31      214.19     0.90985      195.24       251.1     0.95861      105.64      303.96     0.93482      341.85       275.6     0.87526      289.77      354.85
     0.88148      494.28      276.86     0.84726      470.25      326.88     0.88011      312.97      384.76     0.88894       281.6       434.9     0.86773      495.99      356.93     0.63717      503.05      388.95     0.67201      514.23      480.37     0.30876      530.78      479.25     0.33189]"
single_video_inclass.mp4,7,425,"[     226.56      212.92     0.98737      224.11      195.99     0.45103      206.75      203.64     0.99051      207.43      193.27    0.013176      127.79      206.98     0.90255      182.66      247.15     0.95655      109.14      301.65     0.93447      339.62      269.14     0.87986      333.56      349.57
     0.89992      499.92      267.11     0.86111      523.81      313.43     0.89822      301.02       405.8     0.87182      273.43      453.47     0.85124      456.13      460.51     0.38992      447.92      497.01     0.42601      488.88      492.34     0.11176      485.04       477.1     0.12233]"
single_video_inclass.mp4,7,431,"[     219.11      208.68     0.97557      215.63       191.4     0.26929      200.37      200.47     0.98428      191.71      185.62   0.0092061      117.59      206.72     0.92132      177.23      240.66     0.95721      95.978       302.2     0.93905      329.84      262.58     0.86869      316.93      350.71
     0.87604       485.3      261.89     0.83463      491.87      301.62     0.86781      292.74      386.17     0.84755      257.97      445.37      0.8207       489.5      378.47     0.41511      466.18      446.24     0.45098       515.5      485.34     0.13043      511.78      465.13     0.14162]"
single_video_inclass.mp4,7,437,"[     223.32      208.17     0.97451      219.93      190.62     0.25014      204.52      200.16     0.98434      195.24      184.25   0.0086945      120.67      206.35     0.92206      173.24      238.52      0.9552      93.998      298.18       0.936      327.99      261.03     0.86327      314.92      347.27
     0.86946      484.55      260.49     0.82983      479.16      300.64     0.86242      284.95      386.19     0.83349      251.39       444.1       0.804      480.15      371.23     0.39657      464.81      430.51     0.43174      505.28      474.95     0.13031      512.27      453.62     0.14146]"
single_video_inclass.mp4,7,443,"[      236.7         208     0.96743      232.73      190.71     0.15433       218.7      200.69     0.98293      202.01      183.66   0.0073575      135.44      205.92     0.92995      173.33      235.27     0.95445      90.857       293.7     0.93658      327.58      261.08      0.8646      309.54      344.14
     0.87663      483.95      259.91     0.83369      483.48       299.9     0.87005      268.15       396.2     0.83177      230.05      453.86     0.80221      469.22      390.15     0.34615      444.13      459.79     0.38051      499.73      482.05      0.1021       498.5      461.36     0.11032]"
single_video_inclass.mp4,7,449,"[      239.5      206.97     0.96202      235.67      189.84     0.12442      222.12      199.02     0.98099      202.71      183.29   0.0069034      138.51      204.41     0.93136      169.99      232.24     0.95309      94.631      292.14     0.93789       326.4      260.08      0.8623      314.55      344.45
     0.88752      485.84      260.82     0.83464      496.72      300.39     0.88197      261.67      392.74     0.82556       225.5      450.86     0.79893      460.54       390.3     0.32373      434.47      466.61     0.36269      488.01      480.05    0.093551      481.09      466.23      0.1017]"
single_video_inclass.mp4,7,455,"[     238.81      205.62     0.96212      234.98      188.98     0.10259      222.25      197.25     0.98235      198.78      183.65   0.0066072      137.75      202.92     0.92814      166.01      229.93      0.9518      99.711      291.16      0.9377      323.76      257.59      0.8552      314.56      342.38
     0.88228      483.83       259.1     0.82257      494.35      301.14     0.87204      268.11      381.42     0.80745      239.03      436.17     0.78087      459.21      360.72     0.34593      441.51      410.73     0.38719      487.83         470     0.11211      498.57      442.39     0.12381]"
single_video_inclass.mp4,8,467,"[     232.95      204.45     0.96973      230.32      187.07      0.1585      215.94      195.74     0.98421      199.15      180.06    0.007347      132.08      199.49     0.93443         156      225.25     0.95312      96.672      285.51     0.93608      318.04       255.1     0.86043      316.53      340.43
     0.89309      474.73      257.89     0.82981      505.21      300.07     0.88528      241.97      394.84     0.82229      207.53      451.06     0.79421      450.67      389.38     0.29555      425.46      466.61     0.33625      466.97      491.06    0.078573      433.75      481.26    0.086102]"
single_video_inclass.mp4,8,473,"[     231.29      204.94     0.96937      228.56      187.88     0.13806      214.55      196.26     0.98486      195.43      181.68   0.0068197      130.14      200.02     0.93355      153.82      226.57      0.9537      94.906      285.17     0.93454      314.63      255.07     0.86166      316.09      340.76
      0.8915      473.29      257.27     0.83135      508.22      299.39     0.88292       233.2      403.61     0.81071      200.08      455.05     0.77877      420.37      412.58     0.25404      418.66      467.83     0.28649      418.91      497.94    0.063402      418.76         483    0.068775]"
single_video_inclass.mp4,8,479,"[     211.61      206.63     0.95175      208.89       190.7     0.08978      196.19      197.42      0.9756      174.44      187.07   0.0058016      112.42      202.75     0.93214       131.5       230.8     0.95274      75.499      286.47      0.9051      293.49      259.24     0.85927      298.05      338.73
     0.85326       458.5      260.21     0.83523      494.19      296.66      0.8616      164.21      434.87     0.76113      128.72      474.21     0.68912      390.44      454.67     0.17217      393.33      484.74     0.18217      337.27      487.89    0.042943      347.77      476.13    0.044289]"
single_video_inclass.mp4,8,485,"[     145.27      207.09     0.98101       142.4      190.45     0.46816      126.33       197.6     0.97926      128.07      186.47    0.016037      46.376      204.74     0.90108      104.99      238.45      0.9597      33.771       288.3     0.86553         240      258.59      0.8745      201.35      336.75
     0.72795      393.51      256.91     0.84678      380.85      302.35     0.76824      179.87      404.56     0.83455      131.94      444.61     0.74008      334.09      456.67     0.33315      336.52      482.35     0.28815      308.78      492.53    0.089915      317.12      474.55    0.079624]"
single_video_inclass.mp4,8,491,"[     112.99       206.3     0.98417      110.39      188.57     0.61204      92.283       197.1     0.97026      100.41      185.08    0.033749      39.495      204.44     0.86883      81.375      236.32     0.95341      34.092      283.78     0.87957      215.39      257.51     0.87698      202.64      332.48
     0.83758      370.35      256.12     0.87618      414.88      291.41     0.87795      145.11      398.83     0.81367      110.42      442.73     0.73764       314.3      407.77     0.32428      313.43      468.66     0.30782      305.45      474.75    0.098254       296.7      479.76    0.091015]"
single_video_inclass.mp4,8,497,"[     115.12       205.2     0.98249      113.05      187.71     0.59933      95.325      195.88     0.96884       102.8      183.56      0.0331      39.373      203.11     0.87205      84.248      234.27     0.95181      35.723      286.43     0.88648      219.94      253.99     0.86637      212.06      331.81
     0.83798      372.39      252.16     0.85878      415.81      287.58     0.86867      165.78      386.78     0.78376      133.02       434.5     0.71103      328.19      372.27     0.29154      320.57      438.81     0.28392      331.48      453.98    0.094224      321.91      457.82    0.089323]"
single_video_inclass.mp4,8,503,"[     155.36      199.95     0.97973       153.2      182.88      0.4378       135.8      191.26       0.982      137.65      180.06    0.013031      54.634      198.54     0.88738      104.08       231.1      0.9429      46.598       284.9     0.87766      258.16      248.23     0.83514       254.3      331.15
     0.81686      412.11      244.04     0.82479      453.21      284.32     0.84472      171.68      391.93     0.66901      138.89       436.9     0.58625      345.37      354.72     0.17883      352.95      406.24     0.18191      363.81      406.28    0.070759      382.63      388.86    0.070113]"
single_video_inclass.mp4,8,509,"[     234.66      191.58      0.9808      228.91      174.61     0.19606      216.75      184.49     0.99062      196.11         170   0.0076051      130.88      191.37     0.92825      140.92      214.17     0.93887      107.68      282.58     0.89245      316.53      238.06     0.81621      323.99      328.23
     0.78492       481.2      238.06     0.79246      501.29      276.82     0.79684      205.41      411.32     0.58317      183.52      459.49     0.49598       424.5      362.32     0.10039      421.65      414.12     0.10458      400.37      399.79    0.034702      429.06      389.57      0.0351]"
single_video_inclass.mp4,8,515,"[     259.32      188.81     0.97561      256.19      172.39     0.22985      241.79      180.73     0.98601      228.54      168.95    0.007782      163.04      187.42      0.9271      187.12      218.59     0.94748      119.21      268.74     0.93161       350.5      237.54      0.8405      339.99      317.51
     0.87807      510.47      236.84     0.81208      525.57      279.98     0.87118      292.67      369.77     0.79186      271.42       421.8     0.76581      503.02      336.89     0.34549      512.24      374.62     0.39583      521.42      441.48     0.13005      542.93      417.81     0.14733]"
single_video_inclass.mp4,8,521,"[      269.1      186.64     0.97614      265.99      169.76     0.24147      252.28      178.66     0.98541      236.42      163.85    0.008641      170.14       185.4     0.93764      190.04      215.02     0.94783      133.47      269.87     0.93306      360.11      235.49     0.83287      349.82      315.66
     0.87473      521.96      237.52     0.79295      530.92      277.23     0.85833      291.26      378.93     0.78839      268.27      429.07     0.76257      505.16      366.86     0.28318      506.57      414.72     0.33094      482.57      457.06    0.094071      489.46      439.02     0.10729]"
single_video_inclass.mp4,9,533,"[     272.55      181.39     0.97795      269.55      164.03     0.23928      254.86      172.89     0.98622      239.55      158.23   0.0084054         173      178.37     0.93886       198.3      212.08     0.94821      120.32      262.96     0.92723      360.82      234.29     0.83391      344.67      314.21
     0.86755      521.74      235.02      0.8012      537.58      275.54     0.85754      286.73      389.48     0.75938      250.05      437.93     0.72277      469.19      397.26     0.21318      465.72      441.65     0.24306      385.29      470.12    0.066548      384.66      468.08    0.072897]"
single_video_inclass.mp4,9,539,"[     273.38      178.84     0.97704      270.63      160.49     0.24773      255.63      170.19     0.98588      236.06      149.52    0.014228      171.68      177.02     0.94359      192.83      206.91     0.94069      110.65      262.46     0.93832      354.81      231.64     0.81744      336.89      316.12
     0.88063      508.42      235.41     0.77108      514.67      277.68     0.85464      289.33      375.85     0.73519      250.72       430.2     0.71985      488.21      363.14     0.19143      475.64      413.16     0.23815      436.96      461.47    0.060209      419.11       461.3    0.070691]"
single_video_inclass.mp4,9,545,"[     276.19      180.03     0.98024      273.36      163.64     0.26475      260.74      170.65     0.98842      245.78      157.75    0.010021      176.87       175.3     0.93617      209.87      205.72     0.94865      117.42      259.56     0.92484       362.9      230.15     0.82926      332.49       319.6
     0.82572       518.5      236.31     0.78755      516.19      277.77     0.81356      302.61      362.18     0.72223      259.71      412.96      0.6718      504.54      336.09      0.2109      482.99      383.39     0.22949       513.4      430.79    0.064081      503.41         408    0.068765]"
single_video_inclass.mp4,9,551,"[     277.15      180.59     0.98305      274.63      163.66      0.3108      260.82      171.47     0.98962      249.13      157.11    0.010732      177.41      175.66     0.93669      208.35      204.82     0.94891      121.19      260.32     0.92518      361.15      230.55      0.8323      333.72      319.92
     0.83404      516.46      237.51     0.79566      512.49      279.67     0.82644       297.3      363.44     0.72549       254.8      414.67     0.67562      502.36      340.12     0.20959      472.69      391.46     0.22896      504.69       433.4    0.062916      476.26       414.9    0.067465]"
single_video_inclass.mp4,9,557,"[     283.09      180.88     0.98379      280.91      163.88     0.33924      265.94      171.64     0.99024       256.7      157.59    0.010582      182.67      175.31     0.93909      217.33      205.52     0.94902      125.11      260.28     0.92558      368.65      231.88      0.8282      340.35      321.68
     0.83296      522.51      239.19     0.78978      522.42      279.46     0.82109      295.86      372.18     0.71209      246.88      420.15      0.6618      486.98      345.26      0.1925      452.51      392.71     0.21112      476.97       445.1    0.056441      423.32      436.86    0.060583]"
single_video_inclass.mp4,9,563,"[      289.7      178.66     0.98255      287.32      160.67     0.27263      272.74      169.28     0.98922      255.44      152.37    0.010034      191.71      173.53     0.93553      219.72      203.56     0.94715      132.75      257.06     0.93644      375.17      230.83     0.83651      344.37      314.07
     0.87594      532.05       235.6     0.79689       526.5      275.41     0.85877       317.6      350.45     0.79125      284.45      403.12     0.76944      519.56      336.02     0.31888      526.97      372.29     0.37057      513.89      437.91     0.10999      527.86      416.84     0.12581]"
single_video_inclass.mp4,9,569,"[     302.23      174.93     0.96943      299.31      157.29      0.1822      286.06      165.48     0.98184      258.86      147.44    0.014008      200.91      170.52     0.94284      222.02      200.31     0.93902      135.66      257.75     0.94711      373.39      229.59     0.81633      343.67      312.94
     0.89599      509.81      236.06     0.77332      521.66      278.15     0.86702      304.62      358.67     0.76189      266.88      411.72      0.7606      514.24      338.89     0.25447      509.18      374.81     0.32313      499.72      440.32    0.086972      519.61      426.39     0.10603]"
single_video_inclass.mp4,9,575,"[     314.54      174.83     0.98238      312.11      156.85     0.24987      297.25      164.66      0.9897      278.44      147.14   0.0085552      215.41       168.3     0.94549      235.23      196.92     0.94712      155.38      254.02     0.94717      384.62      229.71     0.84008      365.12      313.66
     0.90291      520.22      237.32      0.8079      541.49      284.04     0.88486       323.6      355.29     0.83154      283.29      411.38     0.82485      535.64      346.56      0.3686      507.87         413     0.44147      517.71       469.6     0.12166      429.53      471.98     0.14341]"
single_video_inclass.mp4,9,581,"[     318.06      175.78     0.96363      316.61      157.76     0.21074      301.12      165.31     0.97358      280.25      146.46    0.015491      215.33      168.38     0.94887      236.03      197.73     0.94367      150.22      257.03      0.9558       382.3      231.13     0.83034      357.35      318.59
     0.91173      510.04      243.21     0.79128      518.93      290.38     0.88469      326.29      356.13     0.81197      287.08       415.8     0.81743      531.76      344.64     0.31755      507.57      415.18     0.40069      506.61      465.66     0.10059      469.14      471.77     0.12246]"
single_video_inclass.mp4,9,587,"[        325      174.37     0.96141      322.91      156.07     0.28138      306.98      164.36     0.97858      289.89      145.57     0.01282      219.44      167.49     0.95217      244.89      197.88     0.94068      152.56      259.15     0.94536      389.49      231.36     0.80531       365.1      324.97
     0.86801      514.62      241.24      0.7642      523.72      286.42     0.83865      312.06      368.56     0.67292      262.28      421.03     0.65518       522.2      350.85     0.14591      490.56      413.83     0.18115      469.99      439.22    0.045654      444.16      441.79    0.052779]"
single_video_inclass.mp4,10,599,"[     324.89      180.19     0.97513      323.13      162.26     0.18466      308.29      169.94      0.9855      289.98      150.72   0.0075853      222.31      173.28     0.94999      242.08      205.18     0.94988      152.63      260.14     0.95049       393.2      239.37     0.85444      377.06      326.32
      0.9115      517.68      247.56     0.83351      533.49      309.48     0.90134      327.24      373.49     0.84918       278.5      433.73      0.8426       548.6      375.46     0.36598      484.58      477.39     0.43603      522.63      478.01     0.10741      402.66       487.1     0.12423]"
single_video_inclass.mp4,10,605,"[     322.91      183.24     0.97493      321.38      164.72     0.21142      304.97      173.03     0.98498      290.57      152.65   0.0076959       219.6      174.77     0.95016         237      208.16     0.95156      155.83      264.52     0.95344      393.44      242.47     0.85853      384.73       330.3
     0.91498      520.29      253.63     0.83692      548.66      308.95     0.90262      330.92      383.95     0.85269      288.47      439.18     0.84754       547.9      416.13     0.33658      490.16      489.79     0.40505       513.5      491.06    0.087907      408.81      489.01     0.10414]"
single_video_inclass.mp4,10,611,"[     322.91      185.58     0.95127      321.11      167.06     0.16746      306.11      175.47     0.96128      283.67      154.46    0.014963      216.87      177.36     0.95368      238.34      212.81     0.94614      146.88       270.8     0.95632      390.32      246.14     0.83457      378.05      337.77
     0.90912      514.49      255.57     0.80387      540.08       308.4     0.88456      322.98       400.8     0.80292      277.51       454.9     0.80438      512.75      438.36     0.22474      486.51       489.6     0.28516      449.51      492.33    0.057537      408.33         496    0.069563]"
single_video_inclass.mp4,10,617,"[      325.6       188.2     0.95931       324.1      169.84     0.19573      308.06      178.39     0.96837      290.18      157.71    0.013897      219.72      180.61     0.95376      241.86      214.15     0.94774      151.58      271.66     0.95805      389.86      247.03     0.84063      370.34      336.09
     0.91079      511.52      258.47     0.81158      537.93      310.19     0.88686      327.75      393.99     0.81693      282.87      449.33      0.8191      527.56      423.68     0.25883      484.08      491.59     0.32553      482.43       489.5    0.066868      415.14      493.74    0.080702]"
single_video_inclass.mp4,10,623,"[     334.48      193.26     0.97616      333.87      175.53     0.22606      317.57      182.95      0.9864       307.1      163.39    0.007823      234.75      183.44     0.94906      248.03      212.94     0.95163      159.54      269.95     0.95528      391.75      251.46     0.85792      378.33      339.72
     0.91397      510.85      259.62     0.83705      534.58      312.17     0.90169      331.49      379.53       0.844      295.19      435.66     0.83925      548.62      394.76     0.36457      516.96      462.99      0.4335      532.83      488.55     0.10319      503.77      472.26      0.1209]"
single_video_inclass.mp4,10,629,"[     353.96      198.49     0.95717      354.57      181.07     0.11671      338.73       186.9     0.97753      322.84      167.69   0.0066514      256.54      185.13      0.9563      248.17      211.42     0.95291      173.72       271.2     0.95673      389.03      256.53     0.86439      391.63      347.66
     0.92807         523      260.91     0.84942      572.32      312.06     0.91791      301.44      385.93     0.85625      257.53      441.92     0.85105      546.44      393.19     0.38506      474.95      488.08     0.46011      539.94      490.55     0.10789       449.7      485.79      0.1254]"
single_video_inclass.mp4,10,635,"[      373.5      204.39     0.94371       375.1      186.99    0.070876      360.13       191.6     0.97112      335.26      173.09   0.0055516      281.78      187.46      0.9633      252.82      216.57     0.95195      189.75      268.84     0.94837      393.69      263.61     0.85395      393.18      353.59
     0.91837      555.28      264.55     0.84974      583.79      313.15     0.91254      203.23      414.16     0.79234      163.86      451.92     0.76661      465.38      458.77     0.24421      464.87       498.8     0.29663      356.58      497.46    0.059062      365.25      497.63    0.067388]"
single_video_inclass.mp4,10,641,"[      395.5      204.47     0.95916      397.42       187.3     0.14475      381.56      190.96      0.9746      362.08      175.39   0.0078697      308.46      187.26     0.96246      271.36       211.1     0.95273       209.4      263.26     0.96002      387.17      265.91     0.86327      374.88      363.87
     0.93725      534.65      264.92     0.84938      562.48      320.32     0.92634      273.59      377.21     0.87426      226.27       432.3     0.87083      533.95      375.94     0.47128      449.97      493.28      0.5509      513.72      491.31     0.14579      452.73      491.21      0.1642]"
single_video_inclass.mp4,10,647,"[     451.77       207.5     0.96083      453.09      188.95     0.12439      440.29      190.11     0.98634      406.08      174.94   0.0038744       364.9       186.1     0.96272      303.84      214.41     0.92865      253.59      259.68     0.96107      306.58      283.79     0.79445      216.67      382.96
      0.9248      418.57      285.11     0.77126      418.98      367.67     0.90334      226.44       344.4     0.78561      172.34      394.43     0.80002      495.41      348.23     0.30262      477.24      427.64     0.39753      434.05      461.51    0.093127      437.21      476.76     0.11059]"
single_video_inclass.mp4,10,653,"[     517.07       217.8     0.88231      517.75      200.02    0.037978      509.95      199.27     0.96319      448.03      178.97   0.0044367      436.35      195.52     0.95862      341.79      215.39       0.728      299.57      261.98     0.95812      269.66      305.76     0.26363      170.51      370.22
     0.91826      377.05      413.23     0.23663      331.79      424.09     0.86448      214.56      328.06     0.69648      159.92      369.64     0.83654      501.92      359.51      0.5082      458.19      415.35     0.74118      407.05      482.03     0.25526       376.3      493.94     0.37255]"
single_video_inclass.mp4,11,665,"[     605.47      237.96    0.019839      608.31      229.33   0.0066798      613.23       228.4    0.012033      583.47      210.83     0.11021      600.23      222.33     0.65551      487.96      258.37     0.44053      485.26      281.34     0.87039       305.9      304.37     0.14511      264.77      364.89
      0.8501      506.97      243.28     0.16392      311.04      440.05     0.76182      158.47      330.75     0.47759      145.07      345.15     0.69611      187.64      403.59     0.29044      185.98       425.5     0.49464      201.14      460.03     0.13688      230.75      440.63     0.19775]"
single_video_inclass.mp4,11,671,"[     542.99       235.8    0.012762      549.13      229.07   0.0031024      549.54      229.14   0.0073772      534.05      217.04    0.048412      558.32      229.46     0.42408       472.9      246.42     0.43781      458.92      285.55     0.82222      445.35      234.85     0.39611      252.16      372.86
     0.90541      566.85      238.16     0.44956      296.78      453.63      0.8773       218.9      354.76     0.81093      203.02       396.8     0.89728      470.59      353.15     0.67173      492.31      398.88     0.83295      378.21      466.67      0.4322       451.9      505.38     0.55398]"
single_video_inclass.mp4,11,677,"[     484.74      268.57     0.45205      496.11      258.52    0.018978      493.76      250.75     0.43979      451.83      220.95    0.056185      471.03      227.14     0.84831      376.55      245.62     0.73715       358.3      278.85     0.90665      391.42      243.63     0.40793      176.32      381.96
     0.87935      427.58      238.19     0.45504       287.3         451     0.86122      165.51      374.83     0.55533      140.98      413.93     0.65639      394.41      368.45     0.24826      440.89      423.61     0.39204       194.5      457.35     0.10761      279.31      487.68     0.14423]"
single_video_inclass.mp4,11,683,"[     475.15      220.19     0.89749      475.94      202.91    0.032401      466.79       199.8     0.97374      411.81      189.34   0.0032017      395.08      196.07     0.95913      303.34      238.55     0.83521      279.22      270.63     0.95246      222.21      319.42      0.4923      148.52      379.41
     0.90859      331.53      320.79     0.52066      325.74      423.73     0.89023      146.45      364.84     0.63455      108.11      405.82     0.73013       444.9       370.3      0.3063      448.26       414.5     0.47364      398.04      473.47     0.11299       429.3      491.36     0.15595]"
single_video_inclass.mp4,11,689,"[        459      205.56      0.9164      459.96      186.84     0.04316       448.5      185.52     0.97623      397.36      174.38   0.0032801      377.07      182.12     0.95625      306.46      220.66     0.92129      268.31      260.86     0.95363      285.86      283.09     0.77105      206.86      386.46
     0.91019      388.17      268.44     0.76998      417.63      353.91     0.89273       176.9      367.95     0.66459       133.1      412.38     0.67874      397.53      384.84     0.15821      389.88      446.79     0.21297      342.04      453.49    0.048715      369.77       480.5    0.056042]"
single_video_inclass.mp4,11,695,"[     494.51      205.99     0.96624      495.97      188.27    0.063952      485.58      187.37     0.98966      432.05      175.33   0.0044482      416.39      182.22     0.95971      338.86      214.44     0.94762      314.85      250.31     0.96705      354.15      284.49     0.84949      339.19      369.55
     0.94581      483.29      264.99     0.83738      516.88       320.5     0.92745       225.5      375.96     0.88611      194.03      414.31     0.89253      470.71      366.78     0.61704      470.96      410.35     0.70537      443.25      485.81     0.28192      454.13      501.26     0.32226]"
single_video_inclass.mp4,11,701,"[     560.55       219.8     0.88601       561.2      203.39     0.02293      555.03      201.25     0.96668      489.93       182.2   0.0030829      485.86      197.29      0.9548      390.78      222.78     0.93194      369.56      247.29     0.96539      405.27       284.1     0.82077      383.93       371.7
     0.94403      524.18      283.31     0.81377      552.56      328.84     0.91794      184.09      370.23     0.85131      150.69      398.15      0.8639      440.65      374.13      0.5112      424.05      430.98     0.61594       341.9      482.82     0.19554      397.02      509.02     0.22622]"
single_video_inclass.mp4,11,707,"[     595.79      230.23     0.80393      595.65      214.84    0.019821      591.13      213.47     0.91763      514.68      188.33   0.0049161      529.44      207.53     0.91055      423.37      226.96     0.90019      414.58      248.34     0.94603      404.09      289.97     0.80559      376.79      376.36
     0.93732      511.13      288.86     0.80961      548.69      337.62     0.90722      168.28      372.04      0.8077      133.96      393.56     0.82411      320.59      388.06     0.38173      234.37      456.85     0.45347      159.97      464.42      0.1289       152.2      504.43     0.13349]"
single_video_inclass.mp4,11,713,"[     602.16      237.13     0.67033      602.51      222.11    0.012645      599.46      220.94     0.83668      518.97      191.63   0.0058447      535.23      212.81     0.92214      430.83      228.21     0.89404      418.46      252.17     0.95542      404.53      291.15     0.79182       375.8      381.34
     0.94494      505.27      290.43     0.78479      543.71         336     0.91455      216.03      375.19     0.86012      195.57      402.32     0.88627      459.27      372.17     0.57277      475.26      409.09     0.69805      345.64      465.01     0.26927      443.16      503.15      0.3274]"
single_video_inclass.mp4,11,719,"[     589.66      234.65     0.77372      588.28      218.58    0.021126      585.43      215.96       0.926      506.17      192.83   0.0054578      522.46      211.01     0.92008       416.6      228.14     0.91218      403.89      256.19     0.95701       395.8      291.71     0.82249      363.52      380.48
     0.94205      502.21      290.87     0.80791      533.81      337.58      0.9138      211.58      379.56     0.87959      190.83      410.93     0.89369      463.73      369.32     0.61963      461.22      401.85     0.71916      419.23      484.71     0.30238      441.59      504.64     0.35271]"
single_video_inclass.mp4,12,731,"[     531.12      215.87     0.89825       532.4      198.92    0.016752      527.16      198.09     0.96861      447.35      177.02   0.0052867      467.17      194.69     0.94239      365.44      214.92     0.93363      345.22      246.81     0.96001      350.68      284.25     0.84734      324.63      368.79
     0.94471      471.41         285     0.85428      506.06      329.02     0.93039      174.55      363.58     0.86872      131.98      395.04     0.87316       384.6      374.04     0.59044      338.07      434.68     0.66092      275.65      457.02     0.28295      305.44      486.73     0.29875]"
single_video_inclass.mp4,12,737,"[     516.44       213.4     0.90833      517.43      196.12    0.016871      511.72      195.47     0.97243      431.23      176.17   0.0052981      450.41      193.65      0.9207      353.04      213.02     0.93499      329.87      244.26     0.94905      339.54      282.99     0.85103      310.72      365.18
     0.93031      454.14      279.97       0.859      491.48      324.74     0.91317      145.09      364.11     0.82791      104.97      390.83     0.81802      195.53      419.63     0.38681      127.58      464.74     0.40092      107.81      451.53     0.12635       96.07       472.4       0.115]"
single_video_inclass.mp4,12,743,"[      510.1      213.27     0.91674      508.57      197.06    0.056034      507.01      195.64     0.96431      429.06       171.6   0.0099782      444.62      192.66     0.90424      344.29      215.85     0.93726      329.39      243.16     0.95324       338.6      282.76     0.85668      311.22      362.89
     0.93163      452.15      280.68     0.84862      482.25      324.82     0.90245      131.67      360.36     0.85497      99.934      382.65     0.84969       130.3      432.03     0.41339      88.877      465.53     0.42947       44.86       427.2       0.135      48.089      446.91     0.12521]"
single_video_inclass.mp4,12,749,"[      509.1      211.65     0.91946      507.13      195.13     0.05922      505.21      194.49     0.96639      426.98      169.81    0.010872      443.54      191.72       0.916      342.46       213.2     0.93665      329.82      241.14     0.95479      334.18      283.03     0.84706      309.63      360.32
      0.9332      447.21      277.87     0.83566      486.51      318.93     0.90301      124.52      357.26      0.8502      97.626      381.54     0.84774      172.79      408.29     0.43528      149.08      449.15     0.46966      70.188      437.71     0.14876      114.67      466.26     0.14402]"
single_video_inclass.mp4,12,755,"[     509.84      211.29     0.89949      511.48      194.49     0.01603      506.11      193.18      0.9692       426.6      173.96   0.0064165       446.2      190.77     0.94048      345.08      207.26     0.93436      331.55      241.68      0.9594       335.4      281.41     0.84434      310.02      362.36
     0.94335      444.49      274.17     0.85158      486.38      316.67     0.93152      168.29      367.24     0.86631      143.64      400.61     0.87242      406.65      358.45     0.61361      401.42      395.56     0.69469      368.66      477.45     0.31771      389.65      494.75     0.35303]"
single_video_inclass.mp4,12,761,"[     509.65      211.08     0.88703      511.21      194.41    0.014434      506.22      193.12     0.96426      424.53      173.59   0.0069255      447.49      190.55     0.94016      344.06      206.41      0.9329      332.13      241.38      0.9584      334.03      281.19     0.84096      311.14      361.99
     0.94254      444.27      272.94      0.8489      489.75      315.82      0.9303       161.7      365.67     0.85623      138.64      398.62     0.86217      393.53       365.8     0.56759      399.65      401.55     0.65194      327.42      475.03     0.26605      382.92      495.84     0.29744]"
single_video_inclass.mp4,12,767,"[     509.35      212.29     0.87954      511.03      195.57    0.014396      506.08      194.21     0.96146      424.96      173.93   0.0072431      447.51      191.27     0.93948      343.57      205.91     0.92925      332.22      241.55     0.95527      332.82      280.62     0.83041      309.59      361.83
     0.93765       442.9      272.57     0.83668      489.67      315.29     0.92375       160.5      364.25     0.82769      138.42      397.56     0.83303      381.07      363.07     0.47381      395.98      401.67     0.55939      297.43       472.5     0.19329      369.49      496.49     0.21643]"
single_video_inclass.mp4,12,773,"[     511.61      211.54     0.89448      512.98      194.83    0.017718      507.23      193.66     0.96751      430.03      175.04   0.0065632      447.48       191.2     0.94121      345.57      206.58     0.93048      333.25      241.23     0.95717      333.23      279.77     0.83344      310.14      361.87
     0.94007         442      271.84     0.84249      489.42      315.22     0.92787      161.67      365.75      0.8393      139.73      399.05     0.84615      396.46      357.86      0.5304      405.55      394.18     0.61858      330.38      472.46     0.24322       383.5      493.14     0.27356]"
single_video_inclass.mp4,12,779,"[     514.99      211.51     0.88083      516.37      194.76    0.016272      510.96      193.75     0.96153      432.34      173.36   0.0069674      449.73      191.01     0.93704      347.47      205.42     0.92792      335.38       240.7     0.95575      334.25      279.56     0.83378      313.14       361.3
     0.94051      443.46      271.69     0.84421      492.66      314.32     0.92878      160.02      365.54     0.83559      137.61      399.32     0.84257      391.66      359.96     0.50835         399      398.43     0.59695       327.2      473.44     0.22261      383.99      494.28     0.25058]"
single_video_inclass.mp4,12,785,"[     513.93      211.44     0.87518      512.31       195.3     0.04816      511.42         194     0.94342      431.65      167.15    0.013695      448.95      190.36       0.928      341.65      207.96     0.92475      336.83      239.02      0.9596      331.57      276.69      0.8305      316.43      358.88
     0.94398      447.07      271.06     0.81702      494.68       313.6     0.91821      143.63      365.05     0.85792      131.42      394.05     0.87065      385.49      366.23     0.49992       395.4      400.55     0.60703      324.03       468.1     0.19346      392.08      492.93     0.22866]"
single_video_inclass.mp4,13,797,"[     505.32      212.07     0.89614       507.2      195.19    0.016598      501.47      194.19     0.96981      422.27       173.2   0.0064785      441.16      190.05     0.94042      341.27      204.54     0.93649      327.37      238.52     0.95989      329.96      277.36     0.85056      302.48       360.5
     0.94377      436.45      269.44     0.85557      480.05      313.51     0.93198      173.04      363.94     0.88391       148.6      398.73     0.88878       407.6      349.73     0.67693      396.07      391.75     0.74718      387.53      472.43     0.38991      394.88      490.97     0.42481]"
single_video_inclass.mp4,13,803,"[      501.3      208.65     0.90343      501.06      192.51    0.044438      498.63       191.3     0.96519      416.98      165.92    0.014027      437.16      188.58     0.93505      329.16      204.17     0.92528      323.85      238.16     0.95802      319.11      275.61     0.82502      295.81      361.88
     0.93998       434.9      268.92     0.80912      474.51      315.21     0.91398      136.57      365.07     0.82893      121.05      399.05     0.84035      385.44      362.77     0.39353      385.48      404.32     0.49445      346.92      481.28     0.12764      369.29       499.8     0.15021]"
single_video_inclass.mp4,13,809,"[     495.37      206.82     0.91809      495.89      190.57    0.040232      492.54      189.66     0.97197      411.62      164.81    0.012581      432.98      186.41     0.93859      324.76      203.39     0.92372      316.09      236.82     0.95584       308.3      274.53     0.81626      287.62      361.83
     0.93634      426.58      267.37     0.80621       469.7      314.16     0.91256      121.04      365.78     0.78879      100.79      402.76     0.79945      363.17      368.63     0.30011      371.72      424.34     0.38765      305.96       475.4    0.089478      346.84      498.74     0.10334]"
single_video_inclass.mp4,13,815,"[     494.28      205.53     0.91523      495.58      188.74    0.031146      491.78      187.84     0.97284      410.52      161.41   0.0093694      427.66       182.9     0.93559      326.69      202.27     0.93001       308.1      235.48      0.9595      308.33      271.88     0.84089      280.47      360.64
     0.94319      424.78      264.24     0.83274      462.65      312.66     0.92265      132.74         361     0.86334      101.97      397.87     0.87137      371.97      353.38     0.53255      361.19      400.48     0.62595      363.94      465.95     0.21602      389.38      487.36      0.2455]"
single_video_inclass.mp4,13,821,"[     488.83      203.83     0.92286      491.24      186.14    0.029243      485.09      185.75      0.9766      407.41      158.59   0.0074956      417.31      178.92     0.93779      320.85      198.32      0.9367      296.99       232.4     0.96251      301.04      270.06     0.85876      266.43       358.3
     0.94779       416.2       264.2     0.85628      451.66      312.19     0.93236       129.9       354.5     0.90686      97.469      392.88     0.91192      364.56      349.49     0.73694      356.27      395.53      0.8018      365.92      462.58     0.43268      399.72      487.07     0.47108]"
single_video_inclass.mp4,13,827,"[     481.99      200.91     0.92129      484.82      182.74     0.02605      477.77      182.39     0.97613      400.11      155.83   0.0071396      408.83      176.72     0.94052      312.14       194.8     0.93326      284.97      234.15     0.96018       295.6      267.76      0.8512      257.65      360.53
     0.94476      411.65      263.98     0.84922      446.04      311.38     0.92981      132.54      350.54     0.89099      95.529      391.97     0.89623       375.6         344     0.67751      359.04      392.64     0.75277      370.74       460.2     0.35927      402.66      485.92     0.39597]"
single_video_inclass.mp4,13,833,"[     486.63      195.53     0.92654      489.29      176.84    0.029488      481.64      177.27     0.97609      405.85      150.22   0.0066439       412.7      172.86     0.94225      315.29      191.04     0.93553      287.53      230.04     0.96336      300.74      266.42     0.85328       261.6       357.8
     0.94821      418.14       262.1     0.85381      446.55      310.69      0.9344      129.16      349.31     0.90246      96.586      390.01     0.90885      384.72      337.29     0.75415       379.8      383.56     0.82085      381.27      463.69     0.47608      415.96      490.93     0.52074]"
single_video_inclass.mp4,13,839,"[     492.81      190.96     0.92824      495.53      172.93    0.027387      488.86      172.02     0.97711      408.57      145.73   0.0073637      418.41      167.71     0.94388      315.73      189.48     0.93532      291.94      227.41     0.96288      304.69      266.84     0.84935      265.75      355.85
     0.94741      424.25      261.06     0.84843      453.71      308.04     0.93281      123.31      350.69     0.89152      94.244      389.72     0.89803      381.84      339.17     0.70407      380.77      386.22     0.78076       384.4         462     0.39607      421.82      489.06     0.43876]"
single_video_inclass.mp4,13,845,"[     486.41      183.65     0.95325      488.87      165.47    0.038481      482.34      165.08     0.98527      398.16      137.09    0.010352      410.21      160.86     0.94362      304.78      182.85     0.93489      302.49      237.06     0.96294      303.31      272.83     0.84423      271.46      365.14
     0.94586       420.2      256.48       0.849      450.32      306.69     0.93366      120.43      340.51     0.88631      107.87      387.75     0.89376      385.31      325.14     0.73014      392.82      377.05     0.80382      386.55      447.73     0.45909      425.69      483.32     0.50437]"
single_video_inclass.mp4,13,851,"[     484.95      180.49     0.96651      487.56      161.42    0.056539       479.1      162.05     0.99016      399.39      133.42    0.010635      407.33      157.67     0.94403      307.36      179.26     0.93647       305.2      233.89     0.96375      302.75      267.96     0.84823      261.49      359.35
     0.94668      416.44      252.56     0.85661       444.4      301.47     0.93639      124.53      326.62     0.90003      111.54      375.38     0.90717      375.17      322.55     0.78433      375.23      376.33     0.84443      377.74      443.85     0.54379      414.95      478.77     0.58601]"
single_video_inclass.mp4,14,863,"[     485.37      179.04     0.94763      488.49      160.44    0.033449      481.04      161.24     0.98379      394.66      129.89    0.011655      408.42      156.38      0.9425      305.28      176.57     0.93802      302.86      232.96     0.96459      302.96      265.06     0.85661      256.64      358.48
     0.94904      414.17      249.96     0.86248       442.6      296.78     0.93827      122.53      330.75     0.92067      112.22      378.63     0.92626      371.13      328.83     0.84509      377.92      379.18     0.89003      370.78      447.22     0.64699       409.9      480.12     0.68514]"
single_video_inclass.mp4,14,869,"[     483.72      180.42     0.94489      486.79      161.97    0.031004      479.92      162.25     0.98307      391.65      131.33      0.0115      408.11      157.33     0.94066      303.34      177.72     0.93751       303.5      234.38     0.96382      301.96      264.58     0.85746      255.83      358.02
     0.94854      412.65      250.26     0.86389      439.15      296.93     0.93814      119.73      330.84     0.92066      110.53      379.27     0.92594      364.67      330.24     0.84267      372.27      380.79     0.88728      369.51       446.6     0.63974      408.78       478.5     0.67687]"
single_video_inclass.mp4,14,875,"[     475.04      181.46     0.95464      478.51      162.87    0.034301      470.35      163.28     0.98585      389.68      134.58   0.0093702      396.57      158.87     0.94314      296.14      179.84     0.94038       291.8      238.56     0.96422       300.4      263.12     0.86425      251.74      358.98
     0.94931      406.93      249.58      0.8727      429.89      297.97      0.9412      120.58      336.06     0.92357      106.71      384.58     0.92769      362.24      333.23      0.8501      367.92      380.94      0.8915      364.65      451.14     0.65316      403.42      480.85     0.68819]"
single_video_inclass.mp4,14,881,"[     474.42      180.96     0.95004       477.8      162.51    0.031156      470.09       162.8      0.9843      387.02      134.14   0.0097096      396.79      158.61     0.94326       293.3      178.47     0.94019      293.24      239.42     0.96443      301.57      263.19     0.86352      251.85      358.67
     0.94919       406.3      248.84     0.87117      428.24      297.75     0.94042      118.63      334.38     0.92583      109.86      383.25     0.93002       363.4      332.79     0.85906       373.9      380.78     0.89876      365.75       450.3     0.67278      405.54      482.19     0.70743]"
single_video_inclass.mp4,14,887,"[     479.76       180.4     0.95226      482.91      162.09    0.034561      475.76      162.23     0.98499      390.77      132.67    0.010964      402.12      157.16     0.94328      299.28      178.56     0.93986      299.56      235.99     0.96467      303.44      261.81     0.86231      255.23       357.4
     0.95002      411.78      248.19     0.86959      435.95      295.12     0.94095      122.97      333.12     0.92365      112.72      380.43     0.92839         367      333.23     0.84808      376.49      380.21     0.89113      366.74      454.13     0.64402      404.66      483.23     0.68126]"
single_video_inclass.mp4,14,893,"[      485.3      180.55     0.94983       488.1      162.18    0.035759       481.3      162.61     0.98417      395.43      132.47    0.011448      409.02      157.29     0.94149       306.8      178.81      0.9387      302.87      233.88     0.96483      304.39      263.61     0.86046      258.41      358.01
     0.95017       415.6      249.21      0.8666      440.86      296.73     0.94003      127.71      332.85     0.92205      114.11      379.23     0.92749      371.62      332.21     0.84253      378.74      379.73     0.88788      371.73      451.43     0.63479      410.88      482.78     0.67364]"
single_video_inclass.mp4,14,899,"[     486.54      184.06     0.92425      490.33      166.24    0.025606       485.5      165.77     0.97272      394.57      130.33    0.014873      412.22      159.27     0.93265      308.24      177.76     0.93242      303.72      234.41      0.9615      304.54      264.16     0.85895      259.51       359.6
     0.94977      416.99      250.27     0.86823       444.3      298.66     0.94088      127.62      330.47      0.9184      111.73      378.69     0.92428      375.32      326.97     0.83599      375.36      378.56     0.88344      373.91      450.07     0.63024      410.74      482.21     0.66952]"
single_video_inclass.mp4,14,905,"[      487.4      182.83     0.94886      489.88      164.33    0.034996      484.07      164.32     0.98416      393.72      132.86    0.012737      411.47      159.54      0.9385      307.08      178.67      0.9357      306.76      235.96     0.96314      302.79      265.61     0.85744      256.53      360.24
      0.9488      415.02      250.86     0.86465      442.74      299.47     0.93871       125.5      331.35     0.91722      112.45      381.29     0.92291      368.78      329.17     0.82895      370.93      382.23     0.87718       371.4      449.16     0.61237      412.53      482.71     0.65055]"
single_video_inclass.mp4,14,911,"[      485.4      182.12     0.95569       488.3      163.51    0.036714      481.44      163.37     0.98683      394.88      133.53    0.010377      408.77      158.27     0.94283      304.45       178.9     0.93911      301.03      235.85     0.96458      304.98      263.66     0.85997      254.19      359.53
     0.94913      413.81      250.15     0.86617      436.54      299.19     0.93908      122.82      335.11     0.91997      108.36      383.73     0.92497      363.92      333.27     0.83546      365.45      383.94     0.88118      368.88      454.54     0.61906      408.18      485.05     0.65606]"
single_video_inclass.mp4,14,917,"[     481.48       182.8     0.94965      484.36      164.63    0.028576       478.1      163.91      0.9851      389.53      135.63   0.0098902      405.12      159.47     0.94155      300.04      178.66     0.93842      297.74      236.81     0.96361      301.02      265.03     0.86141      251.87      360.65
     0.94917       410.9      250.57     0.86856      436.32      299.19     0.93997      120.04      335.53     0.92017      107.11      384.56      0.9247      363.69      333.14     0.83751      369.23      384.37     0.88238      366.28      455.21     0.62519      404.93      484.85     0.66138]"
single_video_inclass.mp4,15,929,"[      474.7       183.7     0.94313      478.56      165.14    0.023842      471.47      164.76     0.98272      384.51      135.29   0.0097663      397.73      159.71     0.94321      290.96      178.27     0.93799       288.5      239.08     0.96295      293.09      266.39     0.86013      245.62      363.65
     0.94835      402.76      250.85     0.87102      425.39      301.58     0.94141      113.92      337.09     0.91685      99.355         387     0.92122       360.9      333.65     0.83733      365.23      384.15     0.88199      364.83       457.7     0.62813      401.66      488.18     0.66378]"
single_video_inclass.mp4,15,935,"[     473.46      188.12     0.90622      477.76      169.85    0.017093      471.83      170.06     0.96665      381.76      135.03    0.013535      402.55      164.24     0.93546      290.97      178.39     0.93449       285.1       239.3     0.96047      292.58      263.75      0.8638      242.07      364.43
     0.94851      401.49      250.51     0.87458       424.1      301.17     0.94208      115.69      335.17     0.92077      98.079      386.37     0.92428      364.99      334.15     0.84328      371.22      384.52     0.88598      362.93       457.7     0.63807      401.69      489.46     0.67256]"
single_video_inclass.mp4,15,941,"[     471.51      202.77     0.73089      478.11       185.3   0.0085965      475.42      186.43     0.85489      379.58      135.39    0.034184       415.7      172.22     0.91254      293.61      177.26     0.92638      289.52      238.56     0.95547      291.45      264.39     0.86752      242.21      365.38
     0.94827       402.6      250.84     0.87623      421.49      301.23     0.94079       114.2      336.24     0.92558      99.129      387.47     0.92852      364.33      334.82     0.85026      374.08      385.94     0.89071      361.43      457.33      0.6542      400.08      491.08     0.68724]"
single_video_inclass.mp4,15,947,"[     474.77      206.04     0.86001      481.11      189.61    0.013279      478.81      187.03     0.94384      385.92      146.71    0.017187      421.76      174.42     0.92581      302.53      182.84     0.93178      296.07      236.17     0.96014      296.23      265.44     0.86282      240.19      365.79
     0.94933      405.28      251.81       0.872      422.16      302.58     0.94131      116.94      336.79     0.92107      98.872      385.18     0.92562      364.23      338.58     0.84097      375.35      387.08     0.88525      359.77      460.14     0.63388      401.23      493.48     0.67002]"
single_video_inclass.mp4,15,953,"[     474.47      202.17      0.8677      480.32      185.13    0.013892      477.04       183.1     0.94974      386.05      145.62    0.015878      419.42       172.3     0.92836       299.1      181.15     0.93251      293.34      235.51     0.96073      291.32      266.24     0.86323       236.2      365.03
     0.94947      401.06      251.56     0.87284      419.09      304.29     0.94188      117.66      337.57     0.92101      99.434      386.61     0.92564      369.46      335.62     0.84451      376.16      385.83     0.88808      363.01      462.26     0.64315      400.24      494.25     0.67914]"
